Package,LibPath,Version,Priority,Built
abind,/Library/Frameworks/R.framework/Versions/3.4/Resources/library,1.4-5,NA,3.4.0
acepack,/Library/Frameworks/R.framework/Versions/3.4/Resources/library,1.4.1,NA,3.4.0
acs,/Library/Frameworks/R.framework/Versions/3.4/Resources/library,2.1.2,NA,3.4.2
ada,/Library/Frameworks/R.framework/Versions/3.4/Resources/library,2.0-5,NA,3.4.0
ade4,/Library/Frameworks/R.framework/Versions/3.4/Resources/library,1.7-10,NA,3.4.3
ape,/Library/Frameworks/R.framework/Versions/3.4/Resources/library,5.0,NA,3.4.2
arm,/Library/Frameworks/R.framework/Versions/3.4/Resources/library,1.9-3,NA,3.4.0
ash,/Library/Frameworks/R.framework/Versions/3.4/Resources/library,1.0-15,NA,3.4.0
assertive,/Library/Frameworks/R.framework/Versions/3.4/Resources/library,0.3-5,NA,3.4.0
assertive.base,/Library/Frameworks/R.framework/Versions/3.4/Resources/library,0.0-7,NA,3.4.0
assertive.code,/Library/Frameworks/R.framework/Versions/3.4/Resources/library,0.0-1,NA,3.4.0
assertive.data,/Library/Frameworks/R.framework/Versions/3.4/Resources/library,0.0-1,NA,3.4.0
assertive.data.uk,/Library/Frameworks/R.framework/Versions/3.4/Resources/library,0.0-1,NA,3.4.0
assertive.data.us,/Library/Frameworks/R.framework/Versions/3.4/Resources/library,0.0-1,NA,3.4.0
assertive.datetimes,/Library/Frameworks/R.framework/Versions/3.4/Resources/library,0.0-2,NA,3.4.0
assertive.files,/Library/Frameworks/R.framework/Versions/3.4/Resources/library,0.0-2,NA,3.4.0
assertive.matrices,/Library/Frameworks/R.framework/Versions/3.4/Resources/library,0.0-1,NA,3.4.0
assertive.models,/Library/Frameworks/R.framework/Versions/3.4/Resources/library,0.0-1,NA,3.4.0
assertive.numbers,/Library/Frameworks/R.framework/Versions/3.4/Resources/library,0.0-2,NA,3.4.0
assertive.properties,/Library/Frameworks/R.framework/Versions/3.4/Resources/library,0.0-4,NA,3.4.0
assertive.reflection,/Library/Frameworks/R.framework/Versions/3.4/Resources/library,0.0-4,NA,3.4.0
assertive.sets,/Library/Frameworks/R.framework/Versions/3.4/Resources/library,0.0-3,NA,3.4.0
assertive.strings,/Library/Frameworks/R.framework/Versions/3.4/Resources/library,0.0-3,NA,3.4.0
assertive.types,/Library/Frameworks/R.framework/Versions/3.4/Resources/library,0.0-3,NA,3.4.0
assertthat,/Library/Frameworks/R.framework/Versions/3.4/Resources/library,0.2.0,NA,3.4.0
audio,/Library/Frameworks/R.framework/Versions/3.4/Resources/library,0.1-5,NA,3.4.0
audiolyzR,/Library/Frameworks/R.framework/Versions/3.4/Resources/library,0.4-9,NA,3.4.0
backports,/Library/Frameworks/R.framework/Versions/3.4/Resources/library,1.1.2,NA,3.4.3
base,/Library/Frameworks/R.framework/Versions/3.4/Resources/library,3.4.3,base,3.4.3
base64enc,/Library/Frameworks/R.framework/Versions/3.4/Resources/library,0.1-3,NA,3.4.0
bayesplot,/Library/Frameworks/R.framework/Versions/3.4/Resources/library,1.4.0,NA,3.4.2
BB,/Library/Frameworks/R.framework/Versions/3.4/Resources/library,2014.10-1,NA,3.4.0
bdsmatrix,/Library/Frameworks/R.framework/Versions/3.4/Resources/library,1.3-3,NA,3.4.3
beepr,/Library/Frameworks/R.framework/Versions/3.4/Resources/library,1.2,NA,3.4.0
benchmarkme,/Library/Frameworks/R.framework/Versions/3.4/Resources/library,0.6.0,NA,3.4.1
benchmarkmeData,/Library/Frameworks/R.framework/Versions/3.4/Resources/library,0.5.1,NA,3.4.1
BH,/Library/Frameworks/R.framework/Versions/3.4/Resources/library,1.65.0-1,NA,3.4.1
bibtex,/Library/Frameworks/R.framework/Versions/3.4/Resources/library,0.4.2,NA,3.4.1
biclust,/Library/Frameworks/R.framework/Versions/3.4/Resources/library,1.2.0,NA,3.4.0
biglm,/Library/Frameworks/R.framework/Versions/3.4/Resources/library,0.9-1,NA,3.4.0
bindr,/Library/Frameworks/R.framework/Versions/3.4/Resources/library,0.1,NA,3.4.0
bindrcpp,/Library/Frameworks/R.framework/Versions/3.4/Resources/library,0.2,NA,3.4.0
bit,/Library/Frameworks/R.framework/Versions/3.4/Resources/library,1.1-12,NA,3.4.0
bit64,/Library/Frameworks/R.framework/Versions/3.4/Resources/library,0.9-7,NA,3.4.0
bitops,/Library/Frameworks/R.framework/Versions/3.4/Resources/library,1.0-6,NA,3.4.0
blob,/Library/Frameworks/R.framework/Versions/3.4/Resources/library,1.1.0,NA,3.4.0
blogdown,/Library/Frameworks/R.framework/Versions/3.4/Resources/library,0.5,NA,3.4.3
bmp,/Library/Frameworks/R.framework/Versions/3.4/Resources/library,0.3,NA,3.4.1
bnlearn,/Library/Frameworks/R.framework/Versions/3.4/Resources/library,4.3,NA,3.4.3
bookdown,/Library/Frameworks/R.framework/Versions/3.4/Resources/library,0.6,NA,3.4.3
boot,/Library/Frameworks/R.framework/Versions/3.4/Resources/library,1.3-20,recommended,3.4.3
BradleyTerry2,/Library/Frameworks/R.framework/Versions/3.4/Resources/library,1.0-8,NA,3.4.2
brew,/Library/Frameworks/R.framework/Versions/3.4/Resources/library,1.0-6,NA,3.4.0
brglm,/Library/Frameworks/R.framework/Versions/3.4/Resources/library,0.6.1,NA,3.4.1
bridgesampling,/Library/Frameworks/R.framework/Versions/3.4/Resources/library,0.4-0,NA,3.4.3
brms,/Library/Frameworks/R.framework/Versions/3.4/Resources/library,2.1.0,NA,3.4.3
Brobdingnag,/Library/Frameworks/R.framework/Versions/3.4/Resources/library,1.2-4,NA,3.4.0
broom,/Library/Frameworks/R.framework/Versions/3.4/Resources/library,0.4.3,NA,3.4.3
BRRR,/Library/Frameworks/R.framework/Versions/3.4/Resources/library,1.2,NA,3.4.2
Cairo,/Library/Frameworks/R.framework/Versions/3.4/Resources/library,1.5-9,NA,3.4.0
callr,/Library/Frameworks/R.framework/Versions/3.4/Resources/library,2.0.1,NA,3.4.3
car,/Library/Frameworks/R.framework/Versions/3.4/Resources/library,2.1-6,NA,3.4.3
caret,/Library/Frameworks/R.framework/Versions/3.4/Resources/library,6.0-78,NA,3.4.3
caTools,/Library/Frameworks/R.framework/Versions/3.4/Resources/library,1.17.1,NA,3.4.0
cats,/Library/Frameworks/R.framework/Versions/3.4/Resources/library,0.1,NA,3.4.2
cellranger,/Library/Frameworks/R.framework/Versions/3.4/Resources/library,1.1.0,NA,3.4.0
checkmate,/Library/Frameworks/R.framework/Versions/3.4/Resources/library,1.8.5,NA,3.4.2
choroplethr,/Library/Frameworks/R.framework/Versions/3.4/Resources/library,3.6.1,NA,3.4.0
choroplethrMaps,/Library/Frameworks/R.framework/Versions/3.4/Resources/library,1.0.1,NA,3.4.0
chron,/Library/Frameworks/R.framework/Versions/3.4/Resources/library,2.3-52,NA,3.4.3
class,/Library/Frameworks/R.framework/Versions/3.4/Resources/library,7.3-14,recommended,3.4.3
classifly,/Library/Frameworks/R.framework/Versions/3.4/Resources/library,0.4,NA,3.4.0
classInt,/Library/Frameworks/R.framework/Versions/3.4/Resources/library,0.1-24,NA,3.4.0
cli,/Library/Frameworks/R.framework/Versions/3.4/Resources/library,1.0.0,NA,3.4.2
clipr,/Library/Frameworks/R.framework/Versions/3.4/Resources/library,0.4.0,NA,3.4.2
clisymbols,/Library/Frameworks/R.framework/Versions/3.4/Resources/library,1.2.0,NA,3.4.0
cluster,/Library/Frameworks/R.framework/Versions/3.4/Resources/library,2.0.6,recommended,3.4.3
coda,/Library/Frameworks/R.framework/Versions/3.4/Resources/library,0.19-1,NA,3.4.0
codetools,/Library/Frameworks/R.framework/Versions/3.4/Resources/library,0.2-15,recommended,3.4.3
coin,/Library/Frameworks/R.framework/Versions/3.4/Resources/library,1.2-2,NA,3.4.3
colorspace,/Library/Frameworks/R.framework/Versions/3.4/Resources/library,1.3-2,NA,3.4.0
colourpicker,/Library/Frameworks/R.framework/Versions/3.4/Resources/library,1.0,NA,3.4.2
commonmark,/Library/Frameworks/R.framework/Versions/3.4/Resources/library,1.4,NA,3.4.1
compiler,/Library/Frameworks/R.framework/Versions/3.4/Resources/library,3.4.3,base,3.4.3
config,/Library/Frameworks/R.framework/Versions/3.4/Resources/library,0.2,NA,3.4.0
corrplot,/Library/Frameworks/R.framework/Versions/3.4/Resources/library,0.84,NA,3.4.2
covr,/Library/Frameworks/R.framework/Versions/3.4/Resources/library,3.0.1,NA,3.4.2
cowplot,/Library/Frameworks/R.framework/Versions/3.4/Resources/library,0.9.2,NA,3.4.3
crayon,/Library/Frameworks/R.framework/Versions/3.4/Resources/library,1.3.4,NA,3.4.1
crosstalk,/Library/Frameworks/R.framework/Versions/3.4/Resources/library,1.0.0,NA,3.4.0
curl,/Library/Frameworks/R.framework/Versions/3.4/Resources/library,3.1,NA,3.4.3
CVST,/Library/Frameworks/R.framework/Versions/3.4/Resources/library,0.2-1,NA,3.4.0
d3heatmap,/Library/Frameworks/R.framework/Versions/3.4/Resources/library,0.6.1.1,NA,3.4.0
daff,/Library/Frameworks/R.framework/Versions/3.4/Resources/library,0.3.0,NA,3.4.0
data.table,/Library/Frameworks/R.framework/Versions/3.4/Resources/library,1.10.4-3,NA,3.4.2
datasets,/Library/Frameworks/R.framework/Versions/3.4/Resources/library,3.4.3,base,3.4.3
DBI,/Library/Frameworks/R.framework/Versions/3.4/Resources/library,0.7,NA,3.4.0
dbplyr,/Library/Frameworks/R.framework/Versions/3.4/Resources/library,1.2.0,NA,3.4.3
ddalpha,/Library/Frameworks/R.framework/Versions/3.4/Resources/library,1.3.1,NA,3.4.2
debugme,/Library/Frameworks/R.framework/Versions/3.4/Resources/library,1.1.0,NA,3.4.2
deldir,/Library/Frameworks/R.framework/Versions/3.4/Resources/library,0.1-14,NA,3.4.0
dendextend,/Library/Frameworks/R.framework/Versions/3.4/Resources/library,1.6.0,NA,3.4.2
DEoptimR,/Library/Frameworks/R.framework/Versions/3.4/Resources/library,1.0-8,NA,3.4.0
desc,/Library/Frameworks/R.framework/Versions/3.4/Resources/library,1.1.1,NA,3.4.1
devtools,/Library/Frameworks/R.framework/Versions/3.4/Resources/library,1.13.4,NA,3.4.2
dfoptim,/Library/Frameworks/R.framework/Versions/3.4/Resources/library,2017.12-1,NA,3.4.3
DiagrammeR,/Library/Frameworks/R.framework/Versions/3.4/Resources/library,0.9.2,NA,3.4.1
dichromat,/Library/Frameworks/R.framework/Versions/3.4/Resources/library,2.0-0,NA,3.4.0
digest,/Library/Frameworks/R.framework/Versions/3.4/Resources/library,0.6.12,NA,3.4.0
dimRed,/Library/Frameworks/R.framework/Versions/3.4/Resources/library,0.1.0,NA,3.4.0
diptest,/Library/Frameworks/R.framework/Versions/3.4/Resources/library,0.75-7,NA,3.4.0
dlm,/Library/Frameworks/R.framework/Versions/3.4/Resources/library,1.1-4,NA,3.4.0
doParallel,/Library/Frameworks/R.framework/Versions/3.4/Resources/library,1.0.11,NA,3.4.2
downloader,/Library/Frameworks/R.framework/Versions/3.4/Resources/library,0.4,NA,3.4.0
dplyr,/Library/Frameworks/R.framework/Versions/3.4/Resources/library,0.7.4,NA,3.4.2
DRR,/Library/Frameworks/R.framework/Versions/3.4/Resources/library,0.0.3,NA,3.4.3
dse,/Library/Frameworks/R.framework/Versions/3.4/Resources/library,2015.12-1,NA,3.4.0
DT,/Library/Frameworks/R.framework/Versions/3.4/Resources/library,0.3,NA,3.4.3
dtt,/Library/Frameworks/R.framework/Versions/3.4/Resources/library,0.1-2,NA,3.4.0
dygraphs,/Library/Frameworks/R.framework/Versions/3.4/Resources/library,1.1.1.4,NA,3.4.0
e1071,/Library/Frameworks/R.framework/Versions/3.4/Resources/library,1.6-8,NA,3.4.0
elasticnet,/Library/Frameworks/R.framework/Versions/3.4/Resources/library,1.1,NA,3.4.0
enc,/Library/Frameworks/R.framework/Versions/3.4/Resources/library,0.1,NA,3.4.2
EvalEst,/Library/Frameworks/R.framework/Versions/3.4/Resources/library,2015.4-2,NA,3.4.0
evaluate,/Library/Frameworks/R.framework/Versions/3.4/Resources/library,0.10.1,NA,3.4.1
evd,/Library/Frameworks/R.framework/Versions/3.4/Resources/library,2.3-2,NA,3.4.0
evtree,/Library/Frameworks/R.framework/Versions/3.4/Resources/library,1.0-6,NA,3.4.3
expm,/Library/Frameworks/R.framework/Versions/3.4/Resources/library,0.999-2,NA,3.4.0
expsmooth,/Library/Frameworks/R.framework/Versions/3.4/Resources/library,2.3,NA,3.4.0
extrafont,/Library/Frameworks/R.framework/Versions/3.4/Resources/library,0.17,NA,3.4.0
extrafontdb,/Library/Frameworks/R.framework/Versions/3.4/Resources/library,1.0,NA,3.4.0
fastcluster,/Library/Frameworks/R.framework/Versions/3.4/Resources/library,1.1.24,NA,3.4.1
fastmatch,/Library/Frameworks/R.framework/Versions/3.4/Resources/library,1.1-0,NA,3.4.0
ff,/Library/Frameworks/R.framework/Versions/3.4/Resources/library,2.2-13,NA,3.4.0
ffbase,/Library/Frameworks/R.framework/Versions/3.4/Resources/library,0.12.3,NA,3.4.0
filehash,/Library/Frameworks/R.framework/Versions/3.4/Resources/library,2.4-1,NA,3.4.0
flexclust,/Library/Frameworks/R.framework/Versions/3.4/Resources/library,1.3-4,NA,3.4.0
flexdashboard,/Library/Frameworks/R.framework/Versions/3.4/Resources/library,0.5.1,NA,3.4.3
flexmix,/Library/Frameworks/R.framework/Versions/3.4/Resources/library,2.3-14,NA,3.4.0
fma,/Library/Frameworks/R.framework/Versions/3.4/Resources/library,2.3,NA,3.4.0
forcats,/Library/Frameworks/R.framework/Versions/3.4/Resources/library,0.2.0,NA,3.4.0
foreach,/Library/Frameworks/R.framework/Versions/3.4/Resources/library,1.4.4,NA,3.4.3
forecast,/Library/Frameworks/R.framework/Versions/3.4/Resources/library,8.2,NA,3.4.2
foreign,/Library/Frameworks/R.framework/Versions/3.4/Resources/library,0.8-69,recommended,3.4.3
formatR,/Library/Frameworks/R.framework/Versions/3.4/Resources/library,1.5,NA,3.4.0
formattable,/Library/Frameworks/R.framework/Versions/3.4/Resources/library,0.2.0.1,NA,3.4.0
Formula,/Library/Frameworks/R.framework/Versions/3.4/Resources/library,1.2-2,NA,3.4.1
fpc,/Library/Frameworks/R.framework/Versions/3.4/Resources/library,2.1-11,NA,3.4.3
fpp,/Library/Frameworks/R.framework/Versions/3.4/Resources/library,0.5,NA,3.4.0
fracdiff,/Library/Frameworks/R.framework/Versions/3.4/Resources/library,1.4-2,NA,3.4.0
fs,/Library/Frameworks/R.framework/Versions/3.4/Resources/library,1.1.0,NA,3.4.3
gam,/Library/Frameworks/R.framework/Versions/3.4/Resources/library,1.14-4,NA,3.4.0
gamm4,/Library/Frameworks/R.framework/Versions/3.4/Resources/library,0.2-5,NA,3.4.1
gbm,/Library/Frameworks/R.framework/Versions/3.4/Resources/library,2.1.3,NA,3.4.0
gdalUtils,/Library/Frameworks/R.framework/Versions/3.4/Resources/library,2.0.1.7,NA,3.4.0
gdata,/Library/Frameworks/R.framework/Versions/3.4/Resources/library,2.18.0,NA,3.4.0
gdtools,/Library/Frameworks/R.framework/Versions/3.4/Resources/library,0.1.6,NA,3.4.1
gender,/Library/Frameworks/R.framework/Versions/3.4/Resources/library,0.5.1,NA,3.4.0
geojson,/Library/Frameworks/R.framework/Versions/3.4/Resources/library,0.2.0,NA,3.4.2
geojsonio,/Library/Frameworks/R.framework/Versions/3.4/Resources/library,0.5.0,NA,3.4.2
geojsonlint,/Library/Frameworks/R.framework/Versions/3.4/Resources/library,0.2.0,NA,3.4.0
geosphere,/Library/Frameworks/R.framework/Versions/3.4/Resources/library,1.5-7,NA,3.4.2
getCompetitionData,/Library/Frameworks/R.framework/Versions/3.4/Resources/library,1.3,NA,3.4.2
getPass,/Library/Frameworks/R.framework/Versions/3.4/Resources/library,0.2-2,NA,3.4.1
GGally,/Library/Frameworks/R.framework/Versions/3.4/Resources/library,1.3.2,NA,3.4.1
ggalt,/Library/Frameworks/R.framework/Versions/3.4/Resources/library,0.4.0,NA,3.4.0
ggdendro,/Library/Frameworks/R.framework/Versions/3.4/Resources/library,0.1-20,NA,3.4.0
ggforce,/Library/Frameworks/R.framework/Versions/3.4/Resources/library,0.1.1,NA,3.4.0
ggfortify,/Library/Frameworks/R.framework/Versions/3.4/Resources/library,0.4.1,NA,3.4.0
ggiraph,/Library/Frameworks/R.framework/Versions/3.4/Resources/library,0.4.2,NA,3.4.3
ggmap,/Library/Frameworks/R.framework/Versions/3.4/Resources/library,2.6.1,NA,3.4.0
ggplot2,/Library/Frameworks/R.framework/Versions/3.4/Resources/library,2.2.1,NA,3.4.0
ggraph,/Library/Frameworks/R.framework/Versions/3.4/Resources/library,1.0.1,NA,3.4.3
ggrepel,/Library/Frameworks/R.framework/Versions/3.4/Resources/library,0.7.0,NA,3.4.2
ggthemes,/Library/Frameworks/R.framework/Versions/3.4/Resources/library,3.4.0,NA,3.4.0
ggvis,/Library/Frameworks/R.framework/Versions/3.4/Resources/library,0.4.3,NA,3.4.0
gh,/Library/Frameworks/R.framework/Versions/3.4/Resources/library,1.0.1,NA,3.4.3
gistr,/Library/Frameworks/R.framework/Versions/3.4/Resources/library,0.4.0,NA,3.4.0
git2r,/Library/Frameworks/R.framework/Versions/3.4/Resources/library,0.21.0,NA,3.4.3
glmnet,/Library/Frameworks/R.framework/Versions/3.4/Resources/library,2.0-13,NA,3.4.2
glue,/Library/Frameworks/R.framework/Versions/3.4/Resources/library,1.2.0,NA,3.4.2
gmodels,/Library/Frameworks/R.framework/Versions/3.4/Resources/library,2.16.2,NA,3.4.0
gmp,/Library/Frameworks/R.framework/Versions/3.4/Resources/library,0.5-13.1,NA,3.4.1
goftest,/Library/Frameworks/R.framework/Versions/3.4/Resources/library,1.1-1,NA,3.4.0
googlesheets,/Library/Frameworks/R.framework/Versions/3.4/Resources/library,0.2.2,NA,3.4.0
googleVis,/Library/Frameworks/R.framework/Versions/3.4/Resources/library,0.6.2,NA,3.4.0
gower,/Library/Frameworks/R.framework/Versions/3.4/Resources/library,0.1.2,NA,3.4.0
GPArotation,/Library/Frameworks/R.framework/Versions/3.4/Resources/library,2014.11-1,NA,3.4.0
gplots,/Library/Frameworks/R.framework/Versions/3.4/Resources/library,3.0.1,NA,3.4.0
graphics,/Library/Frameworks/R.framework/Versions/3.4/Resources/library,3.4.3,base,3.4.3
grDevices,/Library/Frameworks/R.framework/Versions/3.4/Resources/library,3.4.3,base,3.4.3
grid,/Library/Frameworks/R.framework/Versions/3.4/Resources/library,3.4.3,base,3.4.3
gridBase,/Library/Frameworks/R.framework/Versions/3.4/Resources/library,0.4-7,NA,3.4.0
gridExtra,/Library/Frameworks/R.framework/Versions/3.4/Resources/library,2.3,NA,3.4.1
gsubfn,/Library/Frameworks/R.framework/Versions/3.4/Resources/library,0.6-6,NA,3.4.0
gtable,/Library/Frameworks/R.framework/Versions/3.4/Resources/library,0.2.0,NA,3.4.0
gtools,/Library/Frameworks/R.framework/Versions/3.4/Resources/library,3.5.0,NA,3.4.0
h2o,/Library/Frameworks/R.framework/Versions/3.4/Resources/library,3.16.0.2,NA,3.4.3
haven,/Library/Frameworks/R.framework/Versions/3.4/Resources/library,1.1.1,NA,3.4.3
here,/Library/Frameworks/R.framework/Versions/3.4/Resources/library,0.1,NA,3.4.0
hexbin,/Library/Frameworks/R.framework/Versions/3.4/Resources/library,1.27.2,NA,3.4.3
highcharter,/Library/Frameworks/R.framework/Versions/3.4/Resources/library,0.5.0,NA,3.4.0
highlite,/Library/Frameworks/R.framework/Versions/3.4/Resources/library,0.0.0.9000,NA,3.4.3
highr,/Library/Frameworks/R.framework/Versions/3.4/Resources/library,0.6,NA,3.4.0
Hmisc,/Library/Frameworks/R.framework/Versions/3.4/Resources/library,4.1-1,NA,3.4.3
hms,/Library/Frameworks/R.framework/Versions/3.4/Resources/library,0.4.1,NA,3.4.3
hrbrthemes,/Library/Frameworks/R.framework/Versions/3.4/Resources/library,0.4.0,NA,3.4.2
HSAUR2,/Library/Frameworks/R.framework/Versions/3.4/Resources/library,1.1-17,NA,3.4.1
HSAUR3,/Library/Frameworks/R.framework/Versions/3.4/Resources/library,1.0-8,NA,3.4.1
htmlTable,/Library/Frameworks/R.framework/Versions/3.4/Resources/library,1.11.2,NA,3.4.3
htmltools,/Library/Frameworks/R.framework/Versions/3.4/Resources/library,0.3.6,NA,3.4.0
htmlwidgets,/Library/Frameworks/R.framework/Versions/3.4/Resources/library,1.0,NA,3.4.3
httpuv,/Library/Frameworks/R.framework/Versions/3.4/Resources/library,1.3.5,NA,3.4.1
httr,/Library/Frameworks/R.framework/Versions/3.4/Resources/library,1.3.1,NA,3.4.1
igraph,/Library/Frameworks/R.framework/Versions/3.4/Resources/library,1.1.2,NA,3.4.1
imager,/Library/Frameworks/R.framework/Versions/3.4/Resources/library,0.40.2,NA,3.4.0
influenceR,/Library/Frameworks/R.framework/Versions/3.4/Resources/library,0.1.0,NA,3.4.0
ini,/Library/Frameworks/R.framework/Versions/3.4/Resources/library,0.3.0,NA,3.4.2
inline,/Library/Frameworks/R.framework/Versions/3.4/Resources/library,0.3.14,NA,3.4.0
inum,/Library/Frameworks/R.framework/Versions/3.4/Resources/library,1.0-0,NA,3.4.3
ipred,/Library/Frameworks/R.framework/Versions/3.4/Resources/library,0.9-6,NA,3.4.0
irlba,/Library/Frameworks/R.framework/Versions/3.4/Resources/library,2.3.2,NA,3.4.3
ISLR,/Library/Frameworks/R.framework/Versions/3.4/Resources/library,1.2,NA,3.4.2
iterators,/Library/Frameworks/R.framework/Versions/3.4/Resources/library,1.0.9,NA,3.4.3
itertools,/Library/Frameworks/R.framework/Versions/3.4/Resources/library,0.1-3,NA,3.4.0
janitor,/Library/Frameworks/R.framework/Versions/3.4/Resources/library,0.3.1,NA,3.4.3
jpeg,/Library/Frameworks/R.framework/Versions/3.4/Resources/library,0.1-8,NA,3.4.0
jqr,/Library/Frameworks/R.framework/Versions/3.4/Resources/library,1.0.0,NA,3.4.2
jsonlite,/Library/Frameworks/R.framework/Versions/3.4/Resources/library,1.5,NA,3.4.0
jsonvalidate,/Library/Frameworks/R.framework/Versions/3.4/Resources/library,1.0.0,NA,3.4.0
kernlab,/Library/Frameworks/R.framework/Versions/3.4/Resources/library,0.9-25,NA,3.4.0
KernSmooth,/Library/Frameworks/R.framework/Versions/3.4/Resources/library,2.23-15,recommended,3.4.3
keyring,/Library/Frameworks/R.framework/Versions/3.4/Resources/library,1.0.0,NA,3.4.1
KFAS,/Library/Frameworks/R.framework/Versions/3.4/Resources/library,1.3.1,NA,3.4.3
knitcitations,/Library/Frameworks/R.framework/Versions/3.4/Resources/library,1.0.8,NA,3.4.1
knitr,/Library/Frameworks/R.framework/Versions/3.4/Resources/library,1.19,NA,3.4.3
knitrBootstrap,/Library/Frameworks/R.framework/Versions/3.4/Resources/library,1.0.1,NA,3.4.1
labeling,/Library/Frameworks/R.framework/Versions/3.4/Resources/library,0.3,NA,3.4.0
Lahman,/Library/Frameworks/R.framework/Versions/3.4/Resources/library,6.0-0,NA,3.4.1
LaplacesDemon,/Library/Frameworks/R.framework/Versions/3.4/Resources/library,16.1.0,NA,3.4.3
lars,/Library/Frameworks/R.framework/Versions/3.4/Resources/library,1.2,NA,3.4.0
latex2exp,/Library/Frameworks/R.framework/Versions/3.4/Resources/library,0.4.0,NA,3.4.0
lattice,/Library/Frameworks/R.framework/Versions/3.4/Resources/library,0.20-35,recommended,3.4.3
latticeExtra,/Library/Frameworks/R.framework/Versions/3.4/Resources/library,0.6-28,NA,3.4.0
lava,/Library/Frameworks/R.framework/Versions/3.4/Resources/library,1.6,NA,3.4.3
lavaan,/Library/Frameworks/R.framework/Versions/3.4/Resources/library,0.5-23.1097,NA,3.4.0
lazyeval,/Library/Frameworks/R.framework/Versions/3.4/Resources/library,0.2.1,NA,3.4.2
leaflet,/Library/Frameworks/R.framework/Versions/3.4/Resources/library,1.1.0,NA,3.4.0
leaps,/Library/Frameworks/R.framework/Versions/3.4/Resources/library,3.0,NA,3.4.0
LearnBayes,/Library/Frameworks/R.framework/Versions/3.4/Resources/library,2.15,NA,3.4.0
lfe,/Library/Frameworks/R.framework/Versions/3.4/Resources/library,2.5-1998,NA,3.4.0
libcoin,/Library/Frameworks/R.framework/Versions/3.4/Resources/library,1.0-1,NA,3.4.3
lme4,/Library/Frameworks/R.framework/Versions/3.4/Resources/library,1.1-15,NA,3.4.3
lmtest,/Library/Frameworks/R.framework/Versions/3.4/Resources/library,0.9-35,NA,3.4.0
loo,/Library/Frameworks/R.framework/Versions/3.4/Resources/library,1.1.0,NA,3.4.0
lookup,/Library/Frameworks/R.framework/Versions/3.4/Resources/library,0.0.0.9000,NA,3.4.3
lubridate,/Library/Frameworks/R.framework/Versions/3.4/Resources/library,1.7.1,NA,3.4.2
magick,/Library/Frameworks/R.framework/Versions/3.4/Resources/library,1.6,NA,3.4.3
magrittr,/Library/Frameworks/R.framework/Versions/3.4/Resources/library,1.5,NA,3.4.0
manipulate,/Library/Frameworks/R.framework/Versions/3.4/Resources/library,1.0.1,NA,3.4.0
mapproj,/Library/Frameworks/R.framework/Versions/3.4/Resources/library,1.2-5,NA,3.4.0
maps,/Library/Frameworks/R.framework/Versions/3.4/Resources/library,3.2.0,NA,3.4.0
maptools,/Library/Frameworks/R.framework/Versions/3.4/Resources/library,0.9-2,NA,3.4.0
maptree,/Library/Frameworks/R.framework/Versions/3.4/Resources/library,1.4-7,NA,3.4.0
mapview,/Library/Frameworks/R.framework/Versions/3.4/Resources/library,2.3.0,NA,3.4.3
markdown,/Library/Frameworks/R.framework/Versions/3.4/Resources/library,0.8,NA,3.4.0
MARSS,/Library/Frameworks/R.framework/Versions/3.4/Resources/library,3.9,NA,3.4.0
MASS,/Library/Frameworks/R.framework/Versions/3.4/Resources/library,7.3-48,recommended,3.4.3
Matrix,/Library/Frameworks/R.framework/Versions/3.4/Resources/library,1.2-12,recommended,3.4.3
MatrixModels,/Library/Frameworks/R.framework/Versions/3.4/Resources/library,0.4-1,NA,3.4.0
matrixStats,/Library/Frameworks/R.framework/Versions/3.4/Resources/library,0.53.0,NA,3.4.3
maxLik,/Library/Frameworks/R.framework/Versions/3.4/Resources/library,1.3-4,NA,3.4.0
mclust,/Library/Frameworks/R.framework/Versions/3.4/Resources/library,5.4,NA,3.4.3
meifly,/Library/Frameworks/R.framework/Versions/3.4/Resources/library,0.3,NA,3.4.0
meme,/Library/Frameworks/R.framework/Versions/3.4/Resources/library,0.1.1,NA,3.4.3
memisc,/Library/Frameworks/R.framework/Versions/3.4/Resources/library,0.99.14.9,NA,3.4.3
memoise,/Library/Frameworks/R.framework/Versions/3.4/Resources/library,1.1.0,NA,3.4.3
MEMSS,/Library/Frameworks/R.framework/Versions/3.4/Resources/library,0.9-2,NA,3.4.0
methods,/Library/Frameworks/R.framework/Versions/3.4/Resources/library,3.4.3,base,3.4.3
metricsgraphics,/Library/Frameworks/R.framework/Versions/3.4/Resources/library,0.9.0,NA,3.4.0
mgcv,/Library/Frameworks/R.framework/Versions/3.4/Resources/library,1.8-23,recommended,3.4.3
microbenchmark,/Library/Frameworks/R.framework/Versions/3.4/Resources/library,1.4-4,NA,3.4.3
mime,/Library/Frameworks/R.framework/Versions/3.4/Resources/library,0.5,NA,3.4.0
miniUI,/Library/Frameworks/R.framework/Versions/3.4/Resources/library,0.1.1,NA,3.4.2
minqa,/Library/Frameworks/R.framework/Versions/3.4/Resources/library,1.2.4,NA,3.4.0
miscTools,/Library/Frameworks/R.framework/Versions/3.4/Resources/library,0.6-22,NA,3.4.0
mlmRev,/Library/Frameworks/R.framework/Versions/3.4/Resources/library,1.0-6,NA,3.4.0
mnormt,/Library/Frameworks/R.framework/Versions/3.4/Resources/library,1.5-5,NA,3.4.0
modeest,/Library/Frameworks/R.framework/Versions/3.4/Resources/library,2.1,NA,3.4.0
ModelMetrics,/Library/Frameworks/R.framework/Versions/3.4/Resources/library,1.1.0,NA,3.4.0
modelr,/Library/Frameworks/R.framework/Versions/3.4/Resources/library,0.1.1,NA,3.4.1
modeltools,/Library/Frameworks/R.framework/Versions/3.4/Resources/library,0.2-21,NA,3.4.0
moments,/Library/Frameworks/R.framework/Versions/3.4/Resources/library,0.14,NA,3.4.0
MSBVAR,/Library/Frameworks/R.framework/Versions/3.4/Resources/library,0.9-3,NA,3.4.0
multcomp,/Library/Frameworks/R.framework/Versions/3.4/Resources/library,1.4-8,NA,3.4.2
munsell,/Library/Frameworks/R.framework/Versions/3.4/Resources/library,0.4.3,NA,3.4.0
mvtnorm,/Library/Frameworks/R.framework/Versions/3.4/Resources/library,1.0-7,NA,3.4.3
networkD3,/Library/Frameworks/R.framework/Versions/3.4/Resources/library,0.4,NA,3.4.0
Nippon,/Library/Frameworks/R.framework/Versions/3.4/Resources/library,0.6.5,NA,3.4.3
nleqslv,/Library/Frameworks/R.framework/Versions/3.4/Resources/library,3.3.1,NA,3.4.1
nlme,/Library/Frameworks/R.framework/Versions/3.4/Resources/library,3.1-131,recommended,3.4.3
nloptr,/Library/Frameworks/R.framework/Versions/3.4/Resources/library,1.0.4,NA,3.4.0
NLP,/Library/Frameworks/R.framework/Versions/3.4/Resources/library,0.1-11,NA,3.4.1
NMF,/Library/Frameworks/R.framework/Versions/3.4/Resources/library,0.20.6,NA,3.4.0
nnet,/Library/Frameworks/R.framework/Versions/3.4/Resources/library,7.3-12,recommended,3.4.3
numDeriv,/Library/Frameworks/R.framework/Versions/3.4/Resources/library,2016.8-1,NA,3.4.0
nycflights13,/Library/Frameworks/R.framework/Versions/3.4/Resources/library,0.2.2,NA,3.4.0
odbc,/Library/Frameworks/R.framework/Versions/3.4/Resources/library,1.1.5,NA,3.4.3
officer,/Library/Frameworks/R.framework/Versions/3.4/Resources/library,0.2.1,NA,3.4.3
openNLP,/Library/Frameworks/R.framework/Versions/3.4/Resources/library,0.2-6,NA,3.4.0
openNLPdata,/Library/Frameworks/R.framework/Versions/3.4/Resources/library,1.5.3-4,NA,3.4.2
openssl,/Library/Frameworks/R.framework/Versions/3.4/Resources/library,0.9.9,NA,3.4.2
optextras,/Library/Frameworks/R.framework/Versions/3.4/Resources/library,2016-8.8,NA,3.4.0
optimx,/Library/Frameworks/R.framework/Versions/3.4/Resources/library,2013.8.7,NA,3.4.0
osmar,/Library/Frameworks/R.framework/Versions/3.4/Resources/library,1.1-7,NA,3.4.0
packrat,/Library/Frameworks/R.framework/Versions/3.4/Resources/library,0.4.8-1,NA,3.4.0
pacman,/Library/Frameworks/R.framework/Versions/3.4/Resources/library,0.4.6,NA,3.4.0
pander,/Library/Frameworks/R.framework/Versions/3.4/Resources/library,0.6.1,NA,3.4.1
papeR,/Library/Frameworks/R.framework/Versions/3.4/Resources/library,1.0-2,NA,3.4.0
parallel,/Library/Frameworks/R.framework/Versions/3.4/Resources/library,3.4.3,base,3.4.3
parsedate,/Library/Frameworks/R.framework/Versions/3.4/Resources/library,1.1.3,NA,3.4.0
partykit,/Library/Frameworks/R.framework/Versions/3.4/Resources/library,1.2-0,NA,3.4.3
pbivnorm,/Library/Frameworks/R.framework/Versions/3.4/Resources/library,0.6.0,NA,3.4.0
pbkrtest,/Library/Frameworks/R.framework/Versions/3.4/Resources/library,0.4-7,NA,3.4.0
pdist,/Library/Frameworks/R.framework/Versions/3.4/Resources/library,1.2,NA,3.4.0
PerformanceAnalytics,/Library/Frameworks/R.framework/Versions/3.4/Resources/library,1.4.3541,NA,3.4.0
pillar,/Library/Frameworks/R.framework/Versions/3.4/Resources/library,1.1.0,NA,3.4.3
pingr,/Library/Frameworks/R.framework/Versions/3.4/Resources/library,1.1.2,NA,3.4.0
pkgconfig,/Library/Frameworks/R.framework/Versions/3.4/Resources/library,2.0.1,NA,3.4.0
pkgmaker,/Library/Frameworks/R.framework/Versions/3.4/Resources/library,0.22,NA,3.4.0
PKI,/Library/Frameworks/R.framework/Versions/3.4/Resources/library,0.1-5.1,NA,3.4.1
PKPDmodels,/Library/Frameworks/R.framework/Versions/3.4/Resources/library,0.3.2,NA,3.4.0
plm,/Library/Frameworks/R.framework/Versions/3.4/Resources/library,1.6-6,NA,3.4.2
plogr,/Library/Frameworks/R.framework/Versions/3.4/Resources/library,0.1-1,NA,3.4.0
plotly,/Library/Frameworks/R.framework/Versions/3.4/Resources/library,4.7.1,NA,3.4.1
plotrix,/Library/Frameworks/R.framework/Versions/3.4/Resources/library,3.7,NA,3.4.3
plyr,/Library/Frameworks/R.framework/Versions/3.4/Resources/library,1.8.4,NA,3.4.0
png,/Library/Frameworks/R.framework/Versions/3.4/Resources/library,0.1-7,NA,3.4.0
polyclip,/Library/Frameworks/R.framework/Versions/3.4/Resources/library,1.6-1,NA,3.4.0
prabclus,/Library/Frameworks/R.framework/Versions/3.4/Resources/library,2.2-6,NA,3.4.0
praise,/Library/Frameworks/R.framework/Versions/3.4/Resources/library,1.0.0,NA,3.4.0
prediction,/Library/Frameworks/R.framework/Versions/3.4/Resources/library,0.2.0,NA,3.4.0
prettyR,/Library/Frameworks/R.framework/Versions/3.4/Resources/library,2.2,NA,3.4.0
prettyunits,/Library/Frameworks/R.framework/Versions/3.4/Resources/library,1.0.2,NA,3.4.0
pROC,/Library/Frameworks/R.framework/Versions/3.4/Resources/library,1.10.0,NA,3.4.0
processx,/Library/Frameworks/R.framework/Versions/3.4/Resources/library,3.0.0,NA,3.4.2
prodlim,/Library/Frameworks/R.framework/Versions/3.4/Resources/library,1.6.1,NA,3.4.0
profileModel,/Library/Frameworks/R.framework/Versions/3.4/Resources/library,0.5-9,NA,3.4.0
profvis,/Library/Frameworks/R.framework/Versions/3.4/Resources/library,0.3.4,NA,3.4.3
progress,/Library/Frameworks/R.framework/Versions/3.4/Resources/library,1.1.2,NA,3.4.0
proj4,/Library/Frameworks/R.framework/Versions/3.4/Resources/library,1.0-8,NA,3.4.0
proto,/Library/Frameworks/R.framework/Versions/3.4/Resources/library,1.0.0,NA,3.4.0
protolite,/Library/Frameworks/R.framework/Versions/3.4/Resources/library,1.7,NA,3.4.1
pryr,/Library/Frameworks/R.framework/Versions/3.4/Resources/library,0.1.3,NA,3.4.2
psych,/Library/Frameworks/R.framework/Versions/3.4/Resources/library,1.7.8,NA,3.4.2
purrr,/Library/Frameworks/R.framework/Versions/3.4/Resources/library,0.2.4,NA,3.4.2
qdap,/Library/Frameworks/R.framework/Versions/3.4/Resources/library,2.2.9,NA,3.4.3
qdapDictionaries,/Library/Frameworks/R.framework/Versions/3.4/Resources/library,1.0.6,NA,3.4.0
qdapRegex,/Library/Frameworks/R.framework/Versions/3.4/Resources/library,0.7.2,NA,3.4.0
qdapTools,/Library/Frameworks/R.framework/Versions/3.4/Resources/library,1.3.3,NA,3.4.1
quadprog,/Library/Frameworks/R.framework/Versions/3.4/Resources/library,1.5-5,NA,3.4.0
quantmod,/Library/Frameworks/R.framework/Versions/3.4/Resources/library,0.4-12,NA,3.4.3
quantreg,/Library/Frameworks/R.framework/Versions/3.4/Resources/library,5.34,NA,3.4.2
qvcalc,/Library/Frameworks/R.framework/Versions/3.4/Resources/library,0.9-1,NA,3.4.2
R.cache,/Library/Frameworks/R.framework/Versions/3.4/Resources/library,0.13.0,NA,3.4.3
R.matlab,/Library/Frameworks/R.framework/Versions/3.4/Resources/library,3.6.1,NA,3.4.0
R.methodsS3,/Library/Frameworks/R.framework/Versions/3.4/Resources/library,1.7.1,NA,3.4.0
R.oo,/Library/Frameworks/R.framework/Versions/3.4/Resources/library,1.21.0,NA,3.4.0
R.rsp,/Library/Frameworks/R.framework/Versions/3.4/Resources/library,0.42.0,NA,3.4.3
R.utils,/Library/Frameworks/R.framework/Versions/3.4/Resources/library,2.6.0,NA,3.4.2
R6,/Library/Frameworks/R.framework/Versions/3.4/Resources/library,2.2.2,NA,3.4.0
RANN,/Library/Frameworks/R.framework/Versions/3.4/Resources/library,2.5.1,NA,3.4.0
rappdirs,/Library/Frameworks/R.framework/Versions/3.4/Resources/library,0.3.1,NA,3.4.0
raster,/Library/Frameworks/R.framework/Versions/3.4/Resources/library,2.6-7,NA,3.4.2
rbokeh,/Library/Frameworks/R.framework/Versions/3.4/Resources/library,0.5.0,NA,3.4.0
Rborist,/Library/Frameworks/R.framework/Versions/3.4/Resources/library,0.1-8,NA,3.4.1
Rcgmin,/Library/Frameworks/R.framework/Versions/3.4/Resources/library,2013-2.21,NA,3.4.0
Rclusterpp,/Library/Frameworks/R.framework/Versions/3.4/Resources/library,0.2.3,NA,3.4.0
RColorBrewer,/Library/Frameworks/R.framework/Versions/3.4/Resources/library,1.1-2,NA,3.4.0
Rcpp,/Library/Frameworks/R.framework/Versions/3.4/Resources/library,0.12.15,NA,3.4.3
RcppArmadillo,/Library/Frameworks/R.framework/Versions/3.4/Resources/library,0.8.300.1.0,NA,3.4.3
RcppEigen,/Library/Frameworks/R.framework/Versions/3.4/Resources/library,0.3.3.3.1,NA,3.4.3
RcppRoll,/Library/Frameworks/R.framework/Versions/3.4/Resources/library,0.2.2,NA,3.4.0
RCurl,/Library/Frameworks/R.framework/Versions/3.4/Resources/library,1.95-4.10,NA,3.4.3
rdrop2,/Library/Frameworks/R.framework/Versions/3.4/Resources/library,0.8.1,NA,3.4.2
readbitmap,/Library/Frameworks/R.framework/Versions/3.4/Resources/library,0.1-4,NA,3.4.0
readr,/Library/Frameworks/R.framework/Versions/3.4/Resources/library,1.1.1,NA,3.4.0
readxl,/Library/Frameworks/R.framework/Versions/3.4/Resources/library,1.0.0,NA,3.4.0
recipes,/Library/Frameworks/R.framework/Versions/3.4/Resources/library,0.1.2,NA,3.4.3
RecordLinkage,/Library/Frameworks/R.framework/Versions/3.4/Resources/library,0.4-10,NA,3.4.0
RefManageR,/Library/Frameworks/R.framework/Versions/3.4/Resources/library,0.14.20,NA,3.4.1
regexPipes,/Library/Frameworks/R.framework/Versions/3.4/Resources/library,0.0.1,NA,3.4.0
registry,/Library/Frameworks/R.framework/Versions/3.4/Resources/library,0.5,NA,3.4.3
rematch,/Library/Frameworks/R.framework/Versions/3.4/Resources/library,1.0.1,NA,3.4.0
rematch2,/Library/Frameworks/R.framework/Versions/3.4/Resources/library,2.0.1,NA,3.4.1
repmis,/Library/Frameworks/R.framework/Versions/3.4/Resources/library,0.5,NA,3.4.0
ReporteRs,/Library/Frameworks/R.framework/Versions/3.4/Resources/library,0.8.9,NA,3.4.3
ReporteRsjars,/Library/Frameworks/R.framework/Versions/3.4/Resources/library,0.0.3,NA,3.4.3
reports,/Library/Frameworks/R.framework/Versions/3.4/Resources/library,0.1.4,NA,3.4.0
repr,/Library/Frameworks/R.framework/Versions/3.4/Resources/library,0.12.0,NA,3.4.0
reprex,/Library/Frameworks/R.framework/Versions/3.4/Resources/library,0.1.2,NA,3.4.3
reshape,/Library/Frameworks/R.framework/Versions/3.4/Resources/library,0.8.7,NA,3.4.1
reshape2,/Library/Frameworks/R.framework/Versions/3.4/Resources/library,1.4.3,NA,3.4.3
reticulate,/Library/Frameworks/R.framework/Versions/3.4/Resources/library,1.4,NA,3.4.3
revealjs,/Library/Frameworks/R.framework/Versions/3.4/Resources/library,0.9,NA,3.4.0
rex,/Library/Frameworks/R.framework/Versions/3.4/Resources/library,1.1.2,NA,3.4.2
Rfacebook,/Library/Frameworks/R.framework/Versions/3.4/Resources/library,0.6.15,NA,3.4.0
rfoaas,/Library/Frameworks/R.framework/Versions/3.4/Resources/library,1.1.1,NA,3.4.3
rgdal,/Library/Frameworks/R.framework/Versions/3.4/Resources/library,1.2-16,NA,3.4.3
rgeos,/Library/Frameworks/R.framework/Versions/3.4/Resources/library,0.3-26,NA,3.4.2
rgexf,/Library/Frameworks/R.framework/Versions/3.4/Resources/library,0.15.3,NA,3.4.0
rgl,/Library/Frameworks/R.framework/Versions/3.4/Resources/library,0.99.9,NA,3.4.3
RgoogleMaps,/Library/Frameworks/R.framework/Versions/3.4/Resources/library,1.4.1,NA,3.4.0
RGraphics,/Library/Frameworks/R.framework/Versions/3.4/Resources/library,2.0-14,NA,3.4.0
rhandsontable,/Library/Frameworks/R.framework/Versions/3.4/Resources/library,0.3.6,NA,3.4.3
rJava,/Library/Frameworks/R.framework/Versions/3.4/Resources/library,0.9-9,NA,3.4.2
RJDBC,/Library/Frameworks/R.framework/Versions/3.4/Resources/library,0.2-7,NA,3.4.3
rjson,/Library/Frameworks/R.framework/Versions/3.4/Resources/library,0.2.15,NA,3.4.0
RJSONIO,/Library/Frameworks/R.framework/Versions/3.4/Resources/library,1.3-0,NA,3.4.0
rlang,/Library/Frameworks/R.framework/Versions/3.4/Resources/library,0.1.6,NA,3.4.3
rlist,/Library/Frameworks/R.framework/Versions/3.4/Resources/library,0.4.6.1,NA,3.4.0
rmapshaper,/Library/Frameworks/R.framework/Versions/3.4/Resources/library,0.3.0,NA,3.4.1
rmarkdown,/Library/Frameworks/R.framework/Versions/3.4/Resources/library,1.8,NA,3.4.2
RMySQL,/Library/Frameworks/R.framework/Versions/3.4/Resources/library,0.10.13,NA,3.4.1
rngtools,/Library/Frameworks/R.framework/Versions/3.4/Resources/library,1.2.4,NA,3.4.0
robustbase,/Library/Frameworks/R.framework/Versions/3.4/Resources/library,0.92-8,NA,3.4.2
RocheTeradata,/Library/Frameworks/R.framework/Versions/3.4/Resources/library,0.1.6,NA,3.4.2
ROCR,/Library/Frameworks/R.framework/Versions/3.4/Resources/library,1.0-7,NA,3.4.0
Rook,/Library/Frameworks/R.framework/Versions/3.4/Resources/library,1.1-1,NA,3.4.0
roxygen2,/Library/Frameworks/R.framework/Versions/3.4/Resources/library,6.0.1,NA,3.4.0
rpart,/Library/Frameworks/R.framework/Versions/3.4/Resources/library,4.1-12,recommended,3.4.3
rpart.plot,/Library/Frameworks/R.framework/Versions/3.4/Resources/library,2.1.2,NA,3.4.0
RPostgreSQL,/Library/Frameworks/R.framework/Versions/3.4/Resources/library,0.6-2,NA,3.4.1
rprojroot,/Library/Frameworks/R.framework/Versions/3.4/Resources/library,1.3-2,NA,3.4.3
rPython,/Library/Frameworks/R.framework/Versions/3.4/Resources/library,0.0-6,NA,3.4.0
rsconnect,/Library/Frameworks/R.framework/Versions/3.4/Resources/library,0.8.5,NA,3.4.1
RSQLite,/Library/Frameworks/R.framework/Versions/3.4/Resources/library,2.0,NA,3.4.1
rstan,/Library/Frameworks/R.framework/Versions/3.4/Resources/library,2.17.3,NA,3.4.3
rstanarm,/Library/Frameworks/R.framework/Versions/3.4/Resources/library,2.17.2,NA,3.4.3
rstantools,/Library/Frameworks/R.framework/Versions/3.4/Resources/library,1.4.0,NA,3.4.3
rstudioapi,/Library/Frameworks/R.framework/Versions/3.4/Resources/library,0.7,NA,3.4.1
rticles,/Library/Frameworks/R.framework/Versions/3.4/Resources/library,0.4.1,NA,3.4.0
Rttf2pt1,/Library/Frameworks/R.framework/Versions/3.4/Resources/library,1.3.5,NA,3.4.3
rversions,/Library/Frameworks/R.framework/Versions/3.4/Resources/library,1.0.3,NA,3.4.0
rvest,/Library/Frameworks/R.framework/Versions/3.4/Resources/library,0.3.2,NA,3.4.0
rvg,/Library/Frameworks/R.framework/Versions/3.4/Resources/library,0.1.7,NA,3.4.3
Rvmmin,/Library/Frameworks/R.framework/Versions/3.4/Resources/library,2017-7.18,NA,3.4.1
RWDSverse,/Library/Frameworks/R.framework/Versions/3.4/Resources/library,0.0.4,NA,3.4.2
RWeka,/Library/Frameworks/R.framework/Versions/3.4/Resources/library,0.4-37,NA,3.4.3
RWekajars,/Library/Frameworks/R.framework/Versions/3.4/Resources/library,3.9.2-1,NA,3.4.3
RWiener,/Library/Frameworks/R.framework/Versions/3.4/Resources/library,1.3-1,NA,3.4.0
sandwich,/Library/Frameworks/R.framework/Versions/3.4/Resources/library,2.4-0,NA,3.4.1
satellite,/Library/Frameworks/R.framework/Versions/3.4/Resources/library,1.0.1,NA,3.4.2
scales,/Library/Frameworks/R.framework/Versions/3.4/Resources/library,0.5.0,NA,3.4.1
selectr,/Library/Frameworks/R.framework/Versions/3.4/Resources/library,0.3-1,NA,3.4.0
servr,/Library/Frameworks/R.framework/Versions/3.4/Resources/library,0.8,NA,3.4.2
setRNG,/Library/Frameworks/R.framework/Versions/3.4/Resources/library,2013.9-1,NA,3.4.0
sf,/Library/Frameworks/R.framework/Versions/3.4/Resources/library,0.6-0,NA,3.4.3
sfsmisc,/Library/Frameworks/R.framework/Versions/3.4/Resources/library,1.1-1,NA,3.4.0
shiny,/Library/Frameworks/R.framework/Versions/3.4/Resources/library,1.0.5,NA,3.4.1
shinyAce,/Library/Frameworks/R.framework/Versions/3.4/Resources/library,0.2.1,NA,3.4.0
shinyBS,/Library/Frameworks/R.framework/Versions/3.4/Resources/library,0.61,NA,3.4.0
shinycssloaders,/Library/Frameworks/R.framework/Versions/3.4/Resources/library,0.2.0,NA,3.4.0
shinydashboard,/Library/Frameworks/R.framework/Versions/3.4/Resources/library,0.6.1,NA,3.4.0
shinyjs,/Library/Frameworks/R.framework/Versions/3.4/Resources/library,1.0,NA,3.4.3
shinysense,/Library/Frameworks/R.framework/Versions/3.4/Resources/library,0.1.1,NA,3.4.2
shinystan,/Library/Frameworks/R.framework/Versions/3.4/Resources/library,2.4.0,NA,3.4.2
shinytest,/Library/Frameworks/R.framework/Versions/3.4/Resources/library,1.2.0.9000,NA,3.4.2
shinythemes,/Library/Frameworks/R.framework/Versions/3.4/Resources/library,1.1.1,NA,3.4.0
showimage,/Library/Frameworks/R.framework/Versions/3.4/Resources/library,1.0.0,NA,3.4.2
showtext,/Library/Frameworks/R.framework/Versions/3.4/Resources/library,0.5-1,NA,3.4.3
showtextdb,/Library/Frameworks/R.framework/Versions/3.4/Resources/library,2.0,NA,3.4.1
signal,/Library/Frameworks/R.framework/Versions/3.4/Resources/library,0.7-6,NA,3.4.0
sjlabelled,/Library/Frameworks/R.framework/Versions/3.4/Resources/library,1.0.6,NA,3.4.3
sjmisc,/Library/Frameworks/R.framework/Versions/3.4/Resources/library,2.6.3,NA,3.4.3
slam,/Library/Frameworks/R.framework/Versions/3.4/Resources/library,0.1-42,NA,3.4.3
snakecase,/Library/Frameworks/R.framework/Versions/3.4/Resources/library,0.8.1,NA,3.4.3
snow,/Library/Frameworks/R.framework/Versions/3.4/Resources/library,0.4-2,NA,3.4.0
SnowballC,/Library/Frameworks/R.framework/Versions/3.4/Resources/library,0.5.1,NA,3.4.0
sourcetools,/Library/Frameworks/R.framework/Versions/3.4/Resources/library,0.1.6,NA,3.4.0
sp,/Library/Frameworks/R.framework/Versions/3.4/Resources/library,1.2-7,NA,3.4.3
sparkline,/Library/Frameworks/R.framework/Versions/3.4/Resources/library,2.0,NA,3.4.0
sparklyr,/Library/Frameworks/R.framework/Versions/3.4/Resources/library,0.7.0,NA,3.4.3
SparseM,/Library/Frameworks/R.framework/Versions/3.4/Resources/library,1.77,NA,3.4.0
spatial,/Library/Frameworks/R.framework/Versions/3.4/Resources/library,7.3-11,recommended,3.4.3
spatstat,/Library/Frameworks/R.framework/Versions/3.4/Resources/library,1.55-0,NA,3.4.3
spatstat.data,/Library/Frameworks/R.framework/Versions/3.4/Resources/library,1.2-0,NA,3.4.3
spatstat.utils,/Library/Frameworks/R.framework/Versions/3.4/Resources/library,1.8-0,NA,3.4.3
spData,/Library/Frameworks/R.framework/Versions/3.4/Resources/library,0.2.7.0,NA,3.4.3
spdep,/Library/Frameworks/R.framework/Versions/3.4/Resources/library,0.7-4,NA,3.4.3
splines,/Library/Frameworks/R.framework/Versions/3.4/Resources/library,3.4.3,base,3.4.3
sqldf,/Library/Frameworks/R.framework/Versions/3.4/Resources/library,0.4-11,NA,3.4.1
SQUAREM,/Library/Frameworks/R.framework/Versions/3.4/Resources/library,2017.10-1,NA,3.4.2
srvyr,/Library/Frameworks/R.framework/Versions/3.4/Resources/library,0.3.0,NA,3.4.3
StanHeaders,/Library/Frameworks/R.framework/Versions/3.4/Resources/library,2.17.2,NA,3.4.3
statmod,/Library/Frameworks/R.framework/Versions/3.4/Resources/library,1.4.30,NA,3.4.0
stats,/Library/Frameworks/R.framework/Versions/3.4/Resources/library,3.4.3,base,3.4.3
stats4,/Library/Frameworks/R.framework/Versions/3.4/Resources/library,3.4.3,base,3.4.3
stringdist,/Library/Frameworks/R.framework/Versions/3.4/Resources/library,0.9.4.6,NA,3.4.1
stringi,/Library/Frameworks/R.framework/Versions/3.4/Resources/library,1.1.6,NA,3.4.2
stringr,/Library/Frameworks/R.framework/Versions/3.4/Resources/library,1.2.0,NA,3.4.0
styler,/Library/Frameworks/R.framework/Versions/3.4/Resources/library,1.0.0,NA,3.4.3
survey,/Library/Frameworks/R.framework/Versions/3.4/Resources/library,3.33,NA,3.4.3
survival,/Library/Frameworks/R.framework/Versions/3.4/Resources/library,2.41-3,recommended,3.4.3
svglite,/Library/Frameworks/R.framework/Versions/3.4/Resources/library,1.2.1,NA,3.4.1
svUnit,/Library/Frameworks/R.framework/Versions/3.4/Resources/library,0.7-12,NA,3.4.0
swirl,/Library/Frameworks/R.framework/Versions/3.4/Resources/library,2.4.3,NA,3.4.0
sysfonts,/Library/Frameworks/R.framework/Versions/3.4/Resources/library,0.7.2,NA,3.4.3
syuzhet,/Library/Frameworks/R.framework/Versions/3.4/Resources/library,1.0.4,NA,3.4.3
tcltk,/Library/Frameworks/R.framework/Versions/3.4/Resources/library,3.4.3,base,3.4.3
tensor,/Library/Frameworks/R.framework/Versions/3.4/Resources/library,1.5,NA,3.4.0
testit,/Library/Frameworks/R.framework/Versions/3.4/Resources/library,0.7,NA,3.4.0
testthat,/Library/Frameworks/R.framework/Versions/3.4/Resources/library,2.0.0,NA,3.4.3
textshape,/Library/Frameworks/R.framework/Versions/3.4/Resources/library,1.5.0,NA,3.4.1
tfplot,/Library/Frameworks/R.framework/Versions/3.4/Resources/library,2015.12-1,NA,3.4.0
tframe,/Library/Frameworks/R.framework/Versions/3.4/Resources/library,2015.12-1,NA,3.4.0
TH.data,/Library/Frameworks/R.framework/Versions/3.4/Resources/library,1.0-8,NA,3.4.0
threejs,/Library/Frameworks/R.framework/Versions/3.4/Resources/library,0.3.1,NA,3.4.1
tibble,/Library/Frameworks/R.framework/Versions/3.4/Resources/library,1.4.2,NA,3.4.3
tidyr,/Library/Frameworks/R.framework/Versions/3.4/Resources/library,0.8.0,NA,3.4.3
tidyselect,/Library/Frameworks/R.framework/Versions/3.4/Resources/library,0.2.3,NA,3.4.2
tidyverse,/Library/Frameworks/R.framework/Versions/3.4/Resources/library,1.2.1,NA,3.4.2
tigris,/Library/Frameworks/R.framework/Versions/3.4/Resources/library,0.6.2,NA,3.4.3
tikzDevice,/Library/Frameworks/R.framework/Versions/3.4/Resources/library,0.10-1,NA,3.4.0
timeDate,/Library/Frameworks/R.framework/Versions/3.4/Resources/library,3042.101,NA,3.4.2
tm,/Library/Frameworks/R.framework/Versions/3.4/Resources/library,0.7-3,NA,3.4.3
tools,/Library/Frameworks/R.framework/Versions/3.4/Resources/library,3.4.3,base,3.4.3
tree,/Library/Frameworks/R.framework/Versions/3.4/Resources/library,1.0-37,NA,3.4.0
treemap,/Library/Frameworks/R.framework/Versions/3.4/Resources/library,2.4-2,NA,3.4.0
trimcluster,/Library/Frameworks/R.framework/Versions/3.4/Resources/library,0.1-2,NA,3.4.0
truncnorm,/Library/Frameworks/R.framework/Versions/3.4/Resources/library,1.0-7,NA,3.4.0
tseries,/Library/Frameworks/R.framework/Versions/3.4/Resources/library,0.10-42,NA,3.4.1
tsfa,/Library/Frameworks/R.framework/Versions/3.4/Resources/library,2014.10-1,NA,3.4.0
TTR,/Library/Frameworks/R.framework/Versions/3.4/Resources/library,0.23-3,NA,3.4.3
tufte,/Library/Frameworks/R.framework/Versions/3.4/Resources/library,0.3,NA,3.4.3
tuneR,/Library/Frameworks/R.framework/Versions/3.4/Resources/library,1.3.2,NA,3.4.0
tweenr,/Library/Frameworks/R.framework/Versions/3.4/Resources/library,0.1.5,NA,3.4.0
ucminf,/Library/Frameworks/R.framework/Versions/3.4/Resources/library,1.1-4,NA,3.4.0
udunits2,/Library/Frameworks/R.framework/Versions/3.4/Resources/library,0.13,NA,3.4.0
units,/Library/Frameworks/R.framework/Versions/3.4/Resources/library,0.5-1,NA,3.4.3
usethis,/Library/Frameworks/R.framework/Versions/3.4/Resources/library,1.2.0,NA,3.4.3
utf8,/Library/Frameworks/R.framework/Versions/3.4/Resources/library,1.1.3,NA,3.4.3
utils,/Library/Frameworks/R.framework/Versions/3.4/Resources/library,3.4.3,base,3.4.3
uuid,/Library/Frameworks/R.framework/Versions/3.4/Resources/library,0.1-2,NA,3.4.0
V8,/Library/Frameworks/R.framework/Versions/3.4/Resources/library,1.5,NA,3.4.0
venneuler,/Library/Frameworks/R.framework/Versions/3.4/Resources/library,1.1-0,NA,3.4.0
viridis,/Library/Frameworks/R.framework/Versions/3.4/Resources/library,0.4.1,NA,3.4.3
viridisLite,/Library/Frameworks/R.framework/Versions/3.4/Resources/library,0.2.0,NA,3.4.0
visNetwork,/Library/Frameworks/R.framework/Versions/3.4/Resources/library,2.0.3,NA,3.4.3
WDI,/Library/Frameworks/R.framework/Versions/3.4/Resources/library,2.4,NA,3.4.0
webdriver,/Library/Frameworks/R.framework/Versions/3.4/Resources/library,1.0.2.9002,NA,3.4.2
webshot,/Library/Frameworks/R.framework/Versions/3.4/Resources/library,0.5.0,NA,3.4.3
whisker,/Library/Frameworks/R.framework/Versions/3.4/Resources/library,0.3-2,NA,3.4.0
withr,/Library/Frameworks/R.framework/Versions/3.4/Resources/library,2.1.1,NA,3.4.3
wordcloud,/Library/Frameworks/R.framework/Versions/3.4/Resources/library,2.5,NA,3.4.0
xfun,/Library/Frameworks/R.framework/Versions/3.4/Resources/library,0.1,NA,3.4.3
xgboost,/Library/Frameworks/R.framework/Versions/3.4/Resources/library,0.6.4.1,NA,3.4.3
xkcd,/Library/Frameworks/R.framework/Versions/3.4/Resources/library,0.0.5,NA,3.4.0
xlsx,/Library/Frameworks/R.framework/Versions/3.4/Resources/library,0.5.7,NA,3.4.0
xlsxjars,/Library/Frameworks/R.framework/Versions/3.4/Resources/library,0.6.1,NA,3.4.0
XML,/Library/Frameworks/R.framework/Versions/3.4/Resources/library,3.98-1.9,NA,3.4.1
xml2,/Library/Frameworks/R.framework/Versions/3.4/Resources/library,1.2.0,NA,3.4.3
XR,/Library/Frameworks/R.framework/Versions/3.4/Resources/library,0.7.1,NA,3.4.2
XRJulia,/Library/Frameworks/R.framework/Versions/3.4/Resources/library,0.7.6,NA,3.4.2
XRPython,/Library/Frameworks/R.framework/Versions/3.4/Resources/library,0.8,NA,3.4.2
xtable,/Library/Frameworks/R.framework/Versions/3.4/Resources/library,1.8-2,NA,3.4.0
xts,/Library/Frameworks/R.framework/Versions/3.4/Resources/library,0.10-1,NA,3.4.3
yaml,/Library/Frameworks/R.framework/Versions/3.4/Resources/library,2.1.16,NA,3.4.3
zip,/Library/Frameworks/R.framework/Versions/3.4/Resources/library,1.0.0,NA,3.4.0
zoo,/Library/Frameworks/R.framework/Versions/3.4/Resources/library,1.8-1,NA,3.4.3
